trait,drop_rsid,OR,p
HLA DR+ Natural Killer %Natural Killer,rs10260467,0.946145941681285,0.000907584872164642
HLA DR+ Natural Killer %Natural Killer,rs117338457,0.942931204361559,0.000436810465298066
HLA DR+ Natural Killer %Natural Killer,rs12462814,0.944031826753576,0.000543036143378338
HLA DR+ Natural Killer %Natural Killer,rs142307180,0.944453684600383,0.000623098579598121
HLA DR+ Natural Killer %Natural Killer,rs145013190,0.947920970579065,0.00137550249155922
HLA DR+ Natural Killer %Natural Killer,rs148177889,0.94675319971833,0.00102988631087871
HLA DR+ Natural Killer %Natural Killer,rs17119267,0.944800105498198,0.000644682125045024
HLA DR+ Natural Killer %Natural Killer,rs17307458,0.943692193063594,0.00057463958457629
HLA DR+ Natural Killer %Natural Killer,rs1862176,0.93814761055555,0.000136331054097309
HLA DR+ Natural Killer %Natural Killer,rs3135080,0.942762230481149,0.000412955312963701
HLA DR+ Natural Killer %Natural Killer,rs4656984,0.945597595389957,0.000834982291451531
HLA DR+ Natural Killer %Natural Killer,rs56329333,0.942385485147621,0.000397439551345548
HLA DR+ Natural Killer %Natural Killer,rs592776,0.945313543638459,0.000698943191710908
HLA DR+ Natural Killer %Natural Killer,rs61745530,0.943924695322589,0.000537330906973617
HLA DR+ Natural Killer %Natural Killer,rs6833916,0.944563768320384,0.000606785036584101
HLA DR+ Natural Killer %Natural Killer,rs71424967,0.94293275715028,0.00113850102666174
HLA DR+ Natural Killer %Natural Killer,rs71632989,0.942625542783959,0.00226037240407345
HLA DR+ Natural Killer %Natural Killer,rs7180804,0.941358619781172,0.000405107747678782
HLA DR+ Natural Killer %Natural Killer,rs72685367,0.940336775606349,0.000295409861017973
HLA DR+ Natural Killer %Natural Killer,rs72770017,0.942752600191275,0.000411160487458719
HLA DR+ Natural Killer %Natural Killer,rs80171191,0.942996061654952,0.000402490922859563
HLA DR+ Natural Killer %Natural Killer,rs865239,0.942492105213235,0.000403570186563651
HLA DR+ Natural Killer %Natural Killer,rs9916257,0.944916906620557,0.000723601606227086
CD45 on granulocyte,rs11084094,0.94734903399877,0.0018849429405578
CD45 on granulocyte,rs117414770,0.944355600888683,0.00152065989956399
CD45 on granulocyte,rs12120358,0.937348772871857,7.79779243753638e-05
CD45 on granulocyte,rs12364299,0.94363307890404,0.00119664785718502
CD45 on granulocyte,rs138030758,0.944987935653078,0.00087240890255772
CD45 on granulocyte,rs141251504,0.947020595563612,0.00164705314123263
CD45 on granulocyte,rs188470738,0.944152647923842,0.00389218059302912
CD45 on granulocyte,rs2070901,0.945364586594554,0.00201470143590538
CD45 on granulocyte,rs2523857,0.944064793574868,0.00162599979118666
CD45 on granulocyte,rs708772,0.940670850387064,0.000225889739606622
CD45 on granulocyte,rs76564275,0.948834929215803,0.00268407063299761
CD45 on granulocyte,rs77353040,0.935675944319626,0.00457766226726423
CD45 on granulocyte,rs77547877,0.948454938150891,0.00392369218237313
CD45 on granulocyte,rs79009131,0.945468378221478,0.00193146548806262
CD45 on granulocyte,rs79200728,0.943080368824871,0.00114460192189076
CD39+ resting CD4 regulatory T cell Absolute Count,rs10086961,0.96693594157895,0.00238976802506879
CD39+ resting CD4 regulatory T cell Absolute Count,rs111534725,0.964722162300982,0.00117891015329943
CD39+ resting CD4 regulatory T cell Absolute Count,rs11718018,0.9669546020513,0.00237392416063917
CD39+ resting CD4 regulatory T cell Absolute Count,rs117572834,0.963756852643338,0.00112315870474435
CD39+ resting CD4 regulatory T cell Absolute Count,rs117678654,0.968784476344396,0.0044117955142989
CD39+ resting CD4 regulatory T cell Absolute Count,rs11890666,0.966969125419068,0.0023963621455851
CD39+ resting CD4 regulatory T cell Absolute Count,rs12712610,0.967048539521184,0.00247255069240533
CD39+ resting CD4 regulatory T cell Absolute Count,rs138807420,0.966814708149088,0.00371780635377859
CD39+ resting CD4 regulatory T cell Absolute Count,rs138915779,0.962579083110847,0.000787046972234212
CD39+ resting CD4 regulatory T cell Absolute Count,rs143132810,0.964638293412176,0.00117623125288358
CD39+ resting CD4 regulatory T cell Absolute Count,rs146899923,0.965459761661238,0.00172454362395568
CD39+ resting CD4 regulatory T cell Absolute Count,rs17583875,0.982267056241631,0.154969371224734
CD39+ resting CD4 regulatory T cell Absolute Count,rs185474383,0.966818483672921,0.0028572301534362
CD39+ resting CD4 regulatory T cell Absolute Count,rs187089343,0.966731478949408,0.0024457954005619
CD39+ resting CD4 regulatory T cell Absolute Count,rs190023756,0.965742360378322,0.00202727845585238
CD39+ resting CD4 regulatory T cell Absolute Count,rs192831774,0.967154285018115,0.00253804101663954
CD39+ resting CD4 regulatory T cell Absolute Count,rs2326054,0.965400243576186,0.0014855567405653
CD39+ resting CD4 regulatory T cell Absolute Count,rs35909109,0.967123693899605,0.00257621462692621
CD39+ resting CD4 regulatory T cell Absolute Count,rs4321083,0.967167026075452,0.00256277159532449
CD39+ resting CD4 regulatory T cell Absolute Count,rs56158191,0.967351841674698,0.00281607958639831
CD39+ resting CD4 regulatory T cell Absolute Count,rs62421103,0.965694377364079,0.0016150059337408
CD39+ resting CD4 regulatory T cell Absolute Count,rs6488275,0.96698821486044,0.00236943705731965
CD39+ resting CD4 regulatory T cell Absolute Count,rs7079761,0.96735971244146,0.00286139047304077
CD39+ resting CD4 regulatory T cell Absolute Count,rs72809762,0.967430084326427,0.00275316251655613
CD39+ resting CD4 regulatory T cell Absolute Count,rs77520132,0.966309183840514,0.00188605584453402
CD39+ resting CD4 regulatory T cell Absolute Count,rs78096816,0.965776312685092,0.0038270674043003
CD39+ resting CD4 regulatory T cell Absolute Count,rs78654607,0.966491095982031,0.00199567115526586
CD39+ resting CD4 regulatory T cell Absolute Count,rs78843390,0.966913093322179,0.00236663359997038
CD45 on CD33- HLA DR+,rs10735302,1.0188041505221,0.00247657774517368
CD45 on CD33- HLA DR+,rs10971439,1.01860228157459,0.00271853598550542
CD45 on CD33- HLA DR+,rs11222974,1.0181333363956,0.00351642366063658
CD45 on CD33- HLA DR+,rs11232456,1.01847956170065,0.00292894931606588
CD45 on CD33- HLA DR+,rs116900648,1.01861575897848,0.00276424188924077
CD45 on CD33- HLA DR+,rs117317282,1.01933496415943,0.00187516350129064
CD45 on CD33- HLA DR+,rs117745284,1.02231800286228,0.00370963560058166
CD45 on CD33- HLA DR+,rs12523072,1.01851197328303,0.00284906859444178
CD45 on CD33- HLA DR+,rs1326284,1.0188848511385,0.00235818850914178
CD45 on CD33- HLA DR+,rs142398114,1.016959909623,0.0120064719588072
CD45 on CD33- HLA DR+,rs143150964,1.01927871060438,0.00198915031440842
CD45 on CD33- HLA DR+,rs145631483,1.0196940549376,0.00526478504962899
CD45 on CD33- HLA DR+,rs148695971,1.01643546008061,0.00947907599511598
CD45 on CD33- HLA DR+,rs149228799,1.01915614501384,0.00201188801524265
CD45 on CD33- HLA DR+,rs1678025,1.01849466784612,0.00290355967708538
CD45 on CD33- HLA DR+,rs17552904,1.01901140772456,0.00225167420728218
CD45 on CD33- HLA DR+,rs3124947,1.01882171533668,0.00250508642941218
CD45 on CD33- HLA DR+,rs33978622,1.01764343291635,0.00491849837443171
CD45 on CD33- HLA DR+,rs34358471,1.0191138219788,0.00210021038048042
CD45 on CD33- HLA DR+,rs34386977,1.01697107467595,0.00687502675389877
CD45 on CD33- HLA DR+,rs4980766,1.01919718588761,0.00199972914808229
CD45 on CD33- HLA DR+,rs576712691,1.01828869309269,0.00343352064341551
CD45 on CD33- HLA DR+,rs71466481,1.01821908186292,0.00338100736447047
CD45 on CD33- HLA DR+,rs73664150,1.02159974087535,0.000642661764999989
CD45 on CD33- HLA DR+,rs9892517,1.01846277898715,0.00292384971246127
Terminally Differentiated CD8+ T cell Absolute Count,rs10829262,0.940107477448449,0.00453994437881695
Terminally Differentiated CD8+ T cell Absolute Count,rs113702891,0.945494335856738,0.00945232738733746
Terminally Differentiated CD8+ T cell Absolute Count,rs114799586,0.944692238121711,0.0079740236939836
Terminally Differentiated CD8+ T cell Absolute Count,rs118009051,0.947212009348104,0.0115485381569112
Terminally Differentiated CD8+ T cell Absolute Count,rs12352819,0.945657626377064,0.0096211445377218
Terminally Differentiated CD8+ T cell Absolute Count,rs138437119,0.944681290775205,0.00853407742314795
Terminally Differentiated CD8+ T cell Absolute Count,rs191753228,0.969891760853183,0.206375688367903
Terminally Differentiated CD8+ T cell Absolute Count,rs1958553,0.945830543919089,0.0103185290255652
Terminally Differentiated CD8+ T cell Absolute Count,rs2837838,0.941989991725361,0.00585128908549239
Terminally Differentiated CD8+ T cell Absolute Count,rs4593919,0.944244920143066,0.00898593768110744
Terminally Differentiated CD8+ T cell Absolute Count,rs4796089,0.944560535089608,0.00848079817063068
Terminally Differentiated CD8+ T cell Absolute Count,rs56669682,0.937804333628043,0.00324064349620594
Terminally Differentiated CD8+ T cell Absolute Count,rs6707421,0.943255879574719,0.00740454412647362
Terminally Differentiated CD8+ T cell Absolute Count,rs78245997,0.938851237467595,0.0139258387469469
Terminally Differentiated CD8+ T cell Absolute Count,rs78397636,0.948167977907041,0.0139699947623605
Terminally Differentiated CD8+ T cell Absolute Count,rs79293829,0.941422276500113,0.00645877088983704
Terminally Differentiated CD8+ T cell Absolute Count,rs7989683,0.949489519375236,0.0184885498169675
CD45RA on CD39+ resting CD4 regulatory T cell,rs114590935,0.945086658056618,0.0245106141103128
CD45RA on CD39+ resting CD4 regulatory T cell,rs116682768,0.932528847663407,0.00246099337874988
CD45RA on CD39+ resting CD4 regulatory T cell,rs1405788,0.942407449048734,0.0176679256520491
CD45RA on CD39+ resting CD4 regulatory T cell,rs145947216,0.94350864306983,0.018508937920948
CD45RA on CD39+ resting CD4 regulatory T cell,rs191753228,0.985477578037302,0.649739680975752
CD45RA on CD39+ resting CD4 regulatory T cell,rs72761048,0.942273679426413,0.0176116611713561
CD45RA on CD39+ resting CD4 regulatory T cell,rs72805573,0.937272254602497,0.0140452752663696
CD45RA on CD39+ resting CD4 regulatory T cell,rs80125540,0.938092859561842,0.00347951375317814
CD25++ CD45RA+ CD4 not regulatory T cell %T cell,rs10905719,0.979990836354392,0.012512811557257
CD25++ CD45RA+ CD4 not regulatory T cell %T cell,rs11124653,0.980521357545643,0.015200535091703
CD25++ CD45RA+ CD4 not regulatory T cell %T cell,rs112238613,0.978698498553495,0.0103865994840337
CD25++ CD45RA+ CD4 not regulatory T cell %T cell,rs114437347,0.977082312022926,0.00574341183668868
CD25++ CD45RA+ CD4 not regulatory T cell %T cell,rs114780506,0.981294358238173,0.0261465760751032
CD25++ CD45RA+ CD4 not regulatory T cell %T cell,rs116517602,0.981095392057652,0.0206911676835244
CD25++ CD45RA+ CD4 not regulatory T cell %T cell,rs117520868,0.980270170195977,0.0136125528841859
CD25++ CD45RA+ CD4 not regulatory T cell %T cell,rs117626397,0.982278182593365,0.0441572748014844
CD25++ CD45RA+ CD4 not regulatory T cell %T cell,rs117882514,0.979621506333051,0.0107326486940814
CD25++ CD45RA+ CD4 not regulatory T cell %T cell,rs1264473,0.980698344362467,0.0157574627099564
CD25++ CD45RA+ CD4 not regulatory T cell %T cell,rs13024840,0.98110388556794,0.0182685627334219
CD25++ CD45RA+ CD4 not regulatory T cell %T cell,rs144105723,0.980383536009631,0.0139281603394321
CD25++ CD45RA+ CD4 not regulatory T cell %T cell,rs144350975,0.980372590473617,0.0139977392291806
CD25++ CD45RA+ CD4 not regulatory T cell %T cell,rs149429639,0.979677814090271,0.0149623100510503
CD25++ CD45RA+ CD4 not regulatory T cell %T cell,rs17607399,0.980017767220858,0.0123722769165963
CD25++ CD45RA+ CD4 not regulatory T cell %T cell,rs180839256,0.981761750528342,0.0226675800373542
CD25++ CD45RA+ CD4 not regulatory T cell %T cell,rs188418491,0.982134393836695,0.0469542409326004
CD25++ CD45RA+ CD4 not regulatory T cell %T cell,rs28446907,0.980735281302968,0.0163942859932313
CD25++ CD45RA+ CD4 not regulatory T cell %T cell,rs4876568,0.980606941273468,0.0158754740209402
CD25++ CD45RA+ CD4 not regulatory T cell %T cell,rs61836370,0.980442258693914,0.0168250940231175
CD25++ CD45RA+ CD4 not regulatory T cell %T cell,rs67017865,0.979922825131744,0.0119807277068806
CD25++ CD45RA+ CD4 not regulatory T cell %T cell,rs72797312,0.980573268463385,0.0149884827983779
CD25++ CD45RA+ CD4 not regulatory T cell %T cell,rs75798204,0.979261280643984,0.0103309248278488
CD25++ CD45RA+ CD4 not regulatory T cell %T cell,rs75958070,0.980438009266418,0.0144719807173961
CD25++ CD45RA+ CD4 not regulatory T cell %T cell,rs76432001,0.980663426761264,0.0154329853659438
CD25++ CD45RA+ CD4 not regulatory T cell %T cell,rs78032501,0.98227729433862,0.0274503670125818
CD25++ CD45RA+ CD4 not regulatory T cell %T cell,rs79536602,0.979909865243153,0.0121614082381602
IgD+ CD38- B cell Absolute Count,rs10444793,1.05522748637671,0.0330501599027903
IgD+ CD38- B cell Absolute Count,rs10493766,1.06039122080289,0.0212729806307206
IgD+ CD38- B cell Absolute Count,rs10866982,1.05425642875062,0.0359571928430842
IgD+ CD38- B cell Absolute Count,rs1158784,1.07777196316319,0.00375502436935687
IgD+ CD38- B cell Absolute Count,rs12216018,1.06045825953852,0.0224237902518771
IgD+ CD38- B cell Absolute Count,rs12763172,1.06338857513846,0.0153152449982017
IgD+ CD38- B cell Absolute Count,rs12874404,1.06012481296803,0.0183731898509933
IgD+ CD38- B cell Absolute Count,rs144625305,1.04908182426366,0.0606619185344503
IgD+ CD38- B cell Absolute Count,rs146687492,1.06089128083573,0.0219241098460455
IgD+ CD38- B cell Absolute Count,rs149701635,1.05794028345021,0.0248484518721219
IgD+ CD38- B cell Absolute Count,rs1529727,1.06518711392538,0.0123996687751
IgD+ CD38- B cell Absolute Count,rs62235484,1.04041067295222,0.139671378944898
IgD+ CD38- B cell Absolute Count,rs71615254,1.04841327171491,0.0650090856175406
IgD+ CD38- B cell Absolute Count,rs77762131,1.05840329174705,0.0233380660900061
IgD+ CD38- B cell Absolute Count,rs7809268,1.05537323364007,0.0420027347808126
IgD+ CD38- B cell Absolute Count,rs7909504,1.05902112950958,0.0261389538807131
IgD+ CD38- B cell Absolute Count,rs79207264,1.0550715598369,0.0313718725451175
CD28- CD8dim T cell %CD8dim T cell,rs115125396,0.984121248950228,0.0260753680548669
CD28- CD8dim T cell %CD8dim T cell,rs117082312,0.984096021115247,0.0249677176450547
CD28- CD8dim T cell %CD8dim T cell,rs12470307,0.983932123510847,0.0293364555466377
CD28- CD8dim T cell %CD8dim T cell,rs137931178,0.983872665222879,0.0286993659947205
CD28- CD8dim T cell %CD8dim T cell,rs140865509,0.971629729230766,0.0386496758974327
CD28- CD8dim T cell %CD8dim T cell,rs142531546,0.984018390827008,0.0283001329404458
CD28- CD8dim T cell %CD8dim T cell,rs147207959,0.982746896938794,0.0142669459380127
CD28- CD8dim T cell %CD8dim T cell,rs1788822,0.986774863902075,0.101638988813348
CD28- CD8dim T cell %CD8dim T cell,rs2009581,0.983862462036918,0.0289114205470544
CD28- CD8dim T cell %CD8dim T cell,rs2389116,0.984311516846394,0.0259684165313719
CD28- CD8dim T cell %CD8dim T cell,rs2710824,0.984220357780637,0.0286985271038947
CD28- CD8dim T cell %CD8dim T cell,rs4796089,0.983889364149717,0.0291348357471002
CD28- CD8dim T cell %CD8dim T cell,rs4869279,0.983738378401718,0.026504950310156
CD28- CD8dim T cell %CD8dim T cell,rs7649029,0.983023017773952,0.00608072892466381
CD28- CD8dim T cell %CD8dim T cell,rs76919728,0.985479154568156,0.0257325770832174
CD25 on activated & secreting CD4 regulatory T cell,rs113116201,0.980147316209694,0.0336848597336256
CD25 on activated & secreting CD4 regulatory T cell,rs115155204,0.979051207025752,0.0236054639200931
CD25 on activated & secreting CD4 regulatory T cell,rs115584720,0.979517938716876,0.026598190648636
CD25 on activated & secreting CD4 regulatory T cell,rs140682448,0.979379249609747,0.0256819450769247
CD25 on activated & secreting CD4 regulatory T cell,rs141518333,0.981223886814657,0.0689380195471937
CD25 on activated & secreting CD4 regulatory T cell,rs148961261,0.979397959193865,0.0257436954747282
CD25 on activated & secreting CD4 regulatory T cell,rs1601402,0.978137820061235,0.0181059579307543
CD25 on activated & secreting CD4 regulatory T cell,rs17602422,0.979741433017825,0.0301319976359497
CD25 on activated & secreting CD4 regulatory T cell,rs35769904,0.980982113060698,0.0418960865513826
CD25 on activated & secreting CD4 regulatory T cell,rs4109437,0.97723596353851,0.0149875032616765
CD25 on activated & secreting CD4 regulatory T cell,rs45556043,0.978959988932275,0.0231033575559545
CD25 on activated & secreting CD4 regulatory T cell,rs4747846,0.980018936707759,0.0310892433848431
CD25 on activated & secreting CD4 regulatory T cell,rs58024,0.979729996286216,0.0286859800105979
CD25 on activated & secreting CD4 regulatory T cell,rs75991976,0.977687153344891,0.0163872929334987
CD25 on activated & secreting CD4 regulatory T cell,rs76076322,0.979470744023143,0.0276784488961943
CD25 on activated & secreting CD4 regulatory T cell,rs76863805,0.97666611664849,0.0226661348671589
CD25 on activated & secreting CD4 regulatory T cell,rs78090485,0.979144443006356,0.0243285548377343
CD25 on activated & secreting CD4 regulatory T cell,rs80185999,0.978939635978939,0.0230612615578638
CD25 on activated & secreting CD4 regulatory T cell,rs80267112,0.978312528998835,0.072541507872298
CD25 on activated & secreting CD4 regulatory T cell,rs927891,0.980056624594792,0.0317851546483212
CD25 on activated & secreting CD4 regulatory T cell,rs9596433,0.978408593479562,0.0196245014873735
CD62L- CD86+ myeloid Dendritic Cell Absolute Count,rs10779896,1.03327819252086,0.0369503853972098
CD62L- CD86+ myeloid Dendritic Cell Absolute Count,rs113995133,1.03409655879928,0.0290871860480895
CD62L- CD86+ myeloid Dendritic Cell Absolute Count,rs117044176,1.0363629610671,0.0258657315964115
CD62L- CD86+ myeloid Dendritic Cell Absolute Count,rs117690664,1.03030826271489,0.0977311231157477
CD62L- CD86+ myeloid Dendritic Cell Absolute Count,rs11830537,1.02723948326185,0.0614113012829427
CD62L- CD86+ myeloid Dendritic Cell Absolute Count,rs135299,1.03561130308745,0.0164475703040874
CD62L- CD86+ myeloid Dendritic Cell Absolute Count,rs139956891,1.03557313895568,0.0184052018007641
CD62L- CD86+ myeloid Dendritic Cell Absolute Count,rs143140559,1.03232467995149,0.0373639546930231
CD62L- CD86+ myeloid Dendritic Cell Absolute Count,rs144101090,1.02947958220797,0.0406858081792184
CD62L- CD86+ myeloid Dendritic Cell Absolute Count,rs146507670,1.0337102825126,0.0323030328144557
CD62L- CD86+ myeloid Dendritic Cell Absolute Count,rs147678401,1.03545136761137,0.0225446020836453
CD62L- CD86+ myeloid Dendritic Cell Absolute Count,rs162588,1.03488753302104,0.0241914760672701
CD62L- CD86+ myeloid Dendritic Cell Absolute Count,rs2788088,1.03236937955382,0.0392566912951791
CD62L- CD86+ myeloid Dendritic Cell Absolute Count,rs61808511,1.0341111978143,0.0303154015660539
CD62L- CD86+ myeloid Dendritic Cell Absolute Count,rs62489014,1.03329144964381,0.034478218183926
CD62L- CD86+ myeloid Dendritic Cell Absolute Count,rs6656063,1.03433059651447,0.0289991536433753
CD62L- CD86+ myeloid Dendritic Cell Absolute Count,rs71632979,1.02710817871391,0.162742677670402
CD62L- CD86+ myeloid Dendritic Cell Absolute Count,rs71639910,1.03442417683947,0.028910732436584
CD62L- CD86+ myeloid Dendritic Cell Absolute Count,rs77107932,1.035810970141,0.0181150915472412
CD24 on switched memory B cell,rs10750479,1.02257961194141,0.0291711617073534
CD24 on switched memory B cell,rs111701276,1.02173552292441,0.0370356843142321
CD24 on switched memory B cell,rs11568076,1.02195014232239,0.0480000962843669
CD24 on switched memory B cell,rs116584882,1.0218635091551,0.0371728772979604
CD24 on switched memory B cell,rs11660990,1.02097382841716,0.0422381858961688
CD24 on switched memory B cell,rs117896078,1.02203270678665,0.0325350334050865
CD24 on switched memory B cell,rs12642193,1.02069403073433,0.04551152950398
CD24 on switched memory B cell,rs141357554,1.02222142449008,0.0318796359401781
CD24 on switched memory B cell,rs147031010,1.01979824341411,0.0662689031886229
CD24 on switched memory B cell,rs147397792,1.02202366714156,0.0324891188115667
CD24 on switched memory B cell,rs149975454,1.02459106161043,0.0199036290582894
CD24 on switched memory B cell,rs17035466,1.02095310830468,0.0424781690840452
CD24 on switched memory B cell,rs181819396,1.02069049103047,0.0465256693945419
CD24 on switched memory B cell,rs2236073,1.02219981487726,0.0325032946723489
CD24 on switched memory B cell,rs28672722,1.02372007469862,0.0219200672877575
CD24 on switched memory B cell,rs2872004,1.02198668980768,0.0331932484521712
CD24 on switched memory B cell,rs2895071,1.02790598474254,0.0173232247077825
CD24 on switched memory B cell,rs4427557,1.02235391103612,0.0351327584056074
CD24 on switched memory B cell,rs4629120,1.02139114331887,0.0381557925328081
CD24 on switched memory B cell,rs4808045,1.0223438127873,0.0305416346249834
CD24 on switched memory B cell,rs57225931,1.0225142779414,0.0294229829911645
CD24 on switched memory B cell,rs6073000,1.02142740033189,0.0387491500072639
CD24 on switched memory B cell,rs61820496,1.02199513134185,0.0328668206429035
CD24 on switched memory B cell,rs6561591,1.02314197421745,0.0252159173250431
CD24 on switched memory B cell,rs6799202,1.02265402011317,0.0295403857037731
CD24 on switched memory B cell,rs71419048,1.02261350190076,0.0289143870891272
CD24 on switched memory B cell,rs7214354,1.02048042419126,0.0475587067607549
CD24 on switched memory B cell,rs72948545,1.02112480899862,0.0435793611894507
CD24 on switched memory B cell,rs73251366,1.02257127010958,0.0291665135285311
CD24 on switched memory B cell,rs73301642,1.02282505101731,0.0300455024553276
CD24 on switched memory B cell,rs73602758,1.02140992289726,0.0404660658016882
CD24 on switched memory B cell,rs76990892,1.02140999147256,0.0390680380156699
CD24 on switched memory B cell,rs7756279,1.02161132164953,0.0364883900821089
CD24 on switched memory B cell,rs77636548,1.02147904728292,0.0370464057598564
CD24 on switched memory B cell,rs783418,1.02218104873261,0.0315934749078853
CD24 on switched memory B cell,rs8046913,1.0214229543352,0.0384101290838009
CD24 on switched memory B cell,rs9574429,1.02081883422032,0.0437864468131153
CD24 on switched memory B cell,rs9838297,1.01966252050567,0.0577185129104707
CD25 on memory B cell,rs11245200,0.96871393041197,0.0323679974100878
CD25 on memory B cell,rs11598494,0.971902970563208,0.0538451423120058
CD25 on memory B cell,rs11632374,0.971809658826434,0.04698178736636
CD25 on memory B cell,rs12139506,0.966404131814445,0.0143892018393137
CD25 on memory B cell,rs12886102,0.969950538048518,0.0409050224483779
CD25 on memory B cell,rs138409352,0.973142119441782,0.0600745597414673
CD25 on memory B cell,rs144182927,0.969183463297236,0.0351562571566881
CD25 on memory B cell,rs149522679,0.960254982655213,0.0363647229320427
CD25 on memory B cell,rs149662107,0.97058874847531,0.0430895410457529
CD25 on memory B cell,rs1660369,0.971025807249899,0.0435475120364424
CD25 on memory B cell,rs183975337,0.968148206383069,0.0256214484990612
CD25 on memory B cell,rs1887027,0.963655650950956,0.0156193013060255
CD25 on memory B cell,rs200381543,0.979724859946888,0.152210612349785
CD25 on memory B cell,rs2139146,0.968625826483378,0.0322778380156489
CD25 on memory B cell,rs2853765,0.971189730834894,0.0482343825996704
CD25 on memory B cell,rs2999572,0.966264614551149,0.0129562793312704
CD25 on memory B cell,rs3793662,0.968961182340879,0.0350380665851615
CD25 on memory B cell,rs3862036,0.969117719520882,0.0344051427861162
CD25 on memory B cell,rs4747882,0.968761018273803,0.0350560457742765
CD25 on memory B cell,rs62013832,0.969350816755819,0.0366580600395427
CD25 on memory B cell,rs75727877,0.970330647085364,0.0510249898324085
CD25 on memory B cell,rs8097813,0.969870727939216,0.0405801016488736
CD25 on memory B cell,rs8100828,0.969552501657411,0.0375889615699334
CD25 on memory B cell,rs9972778,0.970708984849229,0.0443302664426327
Memory B cell %B cell,rs10750504,0.970938966461145,0.0423882413352975
Memory B cell %B cell,rs112570989,0.973345290956656,0.0574625269216308
Memory B cell %B cell,rs115405874,0.976578310980337,0.137120201556608
Memory B cell %B cell,rs116391651,0.968288879085659,0.0200154796846307
Memory B cell %B cell,rs116844769,0.970281492193831,0.0357560203121841
Memory B cell %B cell,rs140191306,0.970601205793828,0.0370537112831138
Memory B cell %B cell,rs145123647,0.978627443248986,0.148539013723217
Memory B cell %B cell,rs149876490,0.95912106682353,0.00853895779754626
Memory B cell %B cell,rs329966,0.96991742615168,0.0323428495246131
Memory B cell %B cell,rs35698683,0.970546804149909,0.038968382782721
Memory B cell %B cell,rs4658141,0.972007853576663,0.0493451542989152
Memory B cell %B cell,rs55710170,0.969087399138047,0.0237134245349339
Memory B cell %B cell,rs60515154,0.969238939052792,0.0250985442547669
Memory B cell %B cell,rs61896866,0.97054517950063,0.0376115483108378
Memory B cell %B cell,rs62398379,0.971073919063716,0.0427338955176126
Memory B cell %B cell,rs633090,0.973715673302495,0.0529142707392907
Memory B cell %B cell,rs690488,0.969629198808935,0.0324105680383612
Memory B cell %B cell,rs72635970,0.973164014726142,0.0545690921499959
Memory B cell %B cell,rs72844588,0.971337471389978,0.0457271092498473
Memory B cell %B cell,rs72914692,0.972288044874581,0.0498975978954609
Memory B cell %B cell,rs7412746,0.97297500789629,0.0549581497839652
Memory B cell %B cell,rs75766272,0.973902324323315,0.070873740930671
Memory B cell %B cell,rs76477280,0.970256999987685,0.0357718336396073
Memory B cell %B cell,rs77312528,0.968278279571227,0.019956468044114
Memory B cell %B cell,rs77762131,0.971069011200576,0.0414068377924779
Memory B cell %B cell,rs895377,0.972378435570956,0.0515654717796656
Memory B cell %B cell,rs9270558,0.968617683815133,0.0241054435536215
Memory B cell %B cell,rs9492229,0.971793524717688,0.0467759138454556
Memory B cell %B cell,rs9584780,0.972751244832623,0.0428058068893535
CD19 on IgD- CD38dim B cell,rs112417310,0.969227221851666,0.0400528312022783
CD19 on IgD- CD38dim B cell,rs113612962,0.96976904135847,0.0443877346786744
CD19 on IgD- CD38dim B cell,rs113812519,0.974053457982618,0.0869440473947768
CD19 on IgD- CD38dim B cell,rs114369132,0.973670879980244,0.0800880271210478
CD19 on IgD- CD38dim B cell,rs11643297,0.973347245487985,0.0798553459086105
CD19 on IgD- CD38dim B cell,rs137949497,0.969195145554827,0.0477683140017561
CD19 on IgD- CD38dim B cell,rs138920008,0.961203009949638,0.0301991933289054
CD19 on IgD- CD38dim B cell,rs141619127,0.967034745650484,0.0411586365333082
CD19 on IgD- CD38dim B cell,rs145924813,0.970492998860809,0.0520381670075807
CD19 on IgD- CD38dim B cell,rs17706571,0.969341685966302,0.0413992740025688
CD19 on IgD- CD38dim B cell,rs180723221,0.966778432713264,0.0296694303304335
CD19 on IgD- CD38dim B cell,rs2281460,0.970566048782466,0.0508625985220835
CD19 on IgD- CD38dim B cell,rs2512433,0.969981800263668,0.046482787854986
CD19 on IgD- CD38dim B cell,rs281142,0.972642431192857,0.0740074187754016
CD19 on IgD- CD38dim B cell,rs2971439,0.968888083911507,0.0395900254964347
CD19 on IgD- CD38dim B cell,rs56044553,0.969654017313731,0.0440856108708188
CD19 on IgD- CD38dim B cell,rs5762000,0.969476090105598,0.0429495435492296
CD19 on IgD- CD38dim B cell,rs62463053,0.973370154306564,0.0785184506519461
CD19 on IgD- CD38dim B cell,rs6500310,0.970278525679809,0.0491359894853231
CD19 on IgD- CD38dim B cell,rs6509969,0.972562426799122,0.0700981906211526
CD19 on IgD- CD38dim B cell,rs6575228,0.968367388352618,0.0355460657903762
CD19 on IgD- CD38dim B cell,rs7197237,0.968231645683999,0.0360465196107985
CD19 on IgD- CD38dim B cell,rs73275737,0.97077873242019,0.0508847725552569
CD19 on IgD- CD38dim B cell,rs74705306,0.970457324274389,0.0506631958597522
CD19 on IgD- CD38dim B cell,rs764603,0.971673182240266,0.0587043098921713
CD19 on IgD- CD38dim B cell,rs7665261,0.969910263592861,0.0441419098305046
CD19 on IgD- CD38dim B cell,rs80268044,0.96922632127649,0.0404121483262333
CD19 on IgD- CD38dim B cell,rs9465443,0.970171783369266,0.0465660511310596
